{
    "rmse": 0.6939947872264727,
    "mae": 0.5505680226882794,
    "r2": 0.2846145772648955
}